phrase,most_sim_1,score_1,most_sim_2,score_2,most_sim_3,score_3,most_sim_4,score_4,most_sim_5,score_5,most_sim_6,score_6,most_sim_7,score_7,most_sim_8,score_8,most_sim_9,score_9,most_sim_10,score_10
set,must,0.2229996919631958,identifiers,0.14435303211212158,longer,0.1415274441242218,identifier,0.13778990507125854,inadvertently,0.12997592985630035,fixed,0.11305344104766846,cause,0.09393808245658875,length,0.09371508657932281,like,0.0925263911485672,cannot,0.08733554184436798
